airxos.co,JonSnow
uss.avisionrobotics.com,JonSnow
uber.com,Daenerys
airxos.co,Daenerys
airxos.co,Cersei
uss.avisionrobotics.com,Cersei
airxos.co,LittleFinger
airxos.co,Tyrion
airxos.co,Eddard
uber.com,Bran
uss.avisionrobotics.com,Sansa
airxos.co,Arya
uss.avisionrobotics.com,Gendy
airxos.co,Bronn
uber.com,Oberyn
uss.avisionrobotics.com,Varys
airxos.co,NightKing
uss.avisionrobotics.com,Tywin
airxos.co,Stark
uss.airmap.com,Lannister
airxos.co,Baratheon
uss.airmap.com,Targaryen
uss.airmap.com,Frey
uss.airmap.com,Tarly
uss.airmap.com,Martell
uss.avisionrobotics.com,Bolton
uss.avisionrobotics.com,Whitewalker
uss.avisionrobotics.com,Tyrell
uss.avisionrobotics.com,Mormont
uber.com,Greyjoy
uber.com,Clegane
uber.com,Arryn
uber.com,Sand
